split,mode,n,srcc,plcc
test,baseline,597,0.8057798184618037,0.820267299117504
test,tta,597,0.8059373086241323,0.8209157561697965
