split,mode,n,srcc,plcc
test,baseline,2815,0.8131791016730308,0.8062795377453906
test,tta,2815,0.8091318015433208,0.8019389691675409
