split,mode,n,srcc,plcc
test,baseline,2015,0.6102984844625639,0.6181521920174597
test,tta,2015,0.610317024698387,0.618147303024157
