split,mode,n,srcc,plcc
train,baseline,2087,0.8113875372965085,0.8340968264823118
train,tta,2087,0.8120243124054078,0.8343447277964112
val,baseline,298,0.8127702831649611,0.8401750005937653
val,tta,298,0.8127544120798901,0.8385162267682525
test,baseline,597,0.810676874248789,0.8290002164569298
test,tta,597,0.8089772776393225,0.8256797571388687
combined,tta,2982,0.8107346433082102,0.8303893757804178
