split,mode,n,srcc,plcc
test,baseline,2815,0.8131791016730308,0.8062795377453906
test,tta,2815,0.8108972741897431,0.8050263469518565
