split,mode,n,srcc,plcc
test,baseline,2815,0.8131791016730308,0.8062795377453906
test,tta,2815,0.8122116570425617,0.8057183109706966
