split,mode,n,srcc,plcc
train,baseline,2087,0.8113875372965085,0.8340968264823118
train,tta,2087,0.8119782731216711,0.8349055666580337
val,baseline,298,0.8125494483526874,0.8391106578416806
val,tta,298,0.8132545779894136,0.8398647352879554
test,baseline,597,0.8082472395350206,0.8234888527382861
test,tta,597,0.8094884650453552,0.8253954192959749
combined,tta,2982,0.8124923230207278,0.8334467639726091
