split,mode,n,srcc,plcc
test,baseline,10080,0.8755003273978124,0.9038415789595727
