split,mode,n,srcc,plcc
test,baseline,2815,0.8131791016730308,0.8062795377453906
