split,mode,n,srcc,plcc
test,baseline,2015,0.6102982348911912,0.618152202716285
test,tta,2015,0.6051462657159501,0.6138287049129211
