split,mode,n,srcc,plcc
test,baseline,597,0.8057798184618037,0.820267299117504
test,tta,597,0.8056111897830704,0.8200218589875888
