split,mode,n,srcc,plcc
train,baseline,2087,0.8113875372965085,0.8340968264823118
train,tta,2087,0.8117490496335144,0.8343326757999133
val,baseline,298,0.8118622303691128,0.8389794586678793
val,tta,298,0.8124320023231619,0.839010692204901
test,baseline,597,0.8065769132547389,0.8221667584225406
test,tta,597,0.8073451888989006,0.8224729329043757
combined,tta,2982,0.8118358473981416,0.8324365812680533
