split,mode,n,srcc,plcc
train,baseline,2087,0.8113875372965085,0.8340968264823118
train,tta,2087,0.8085944788356848,0.8329227137729559
val,baseline,298,0.8127893284670463,0.8383424617179811
val,tta,298,0.8113858710871958,0.8369915970318784
test,baseline,597,0.8034732150064489,0.817649097188485
test,tta,597,0.8032322282692492,0.8167618981395219
combined,tta,2982,0.8084258363545286,0.8297383015085251
