split,mode,n,srcc,plcc
test,baseline,2015,0.6102984844625639,0.6181521920174597
test,tta,2015,0.6103576918225674,0.6181780120152952
