split,mode,n,srcc,plcc
test,baseline,10080,0.8755003273978124,0.9038415789595727
test,tta,10080,0.8747897031005575,0.9031720814820506
