split,mode,n,srcc,plcc
test,baseline,2015,0.6102982348911912,0.618152202716285
