split,mode,n,srcc,plcc
test,baseline,2015,0.6102984844625639,0.6181521920174597
test,tta,2015,0.6105448066497625,0.6183740025732222
