split,mode,n,srcc,plcc
test,baseline,2015,0.6102984844625639,0.6181521920174597
test,tta,2015,0.610305979414692,0.6181599749839123
