split,mode,n,srcc,plcc
test,baseline,10080,0.8755003273978124,0.9038415789595727
test,tta,10080,0.8725111704680056,0.9001971126028605
