split,mode,n,srcc,plcc
train,baseline,2087,0.8113875372965085,0.8340968264823118
train,tta,2087,0.8113875372965085,0.8340968287003578
val,baseline,298,0.8123920978806977,0.8386086910097106
val,tta,298,0.8123920978806977,0.8386086910097106
test,baseline,597,0.8057798184618037,0.820267298710811
test,tta,597,0.8057798184618037,0.820267298710811
combined,tta,2982,0.811307291709072,0.8317643093339996
