split,mode,n,srcc,plcc
test,baseline,10080,0.8755003273978124,0.9038415789595727
test,tta,10080,0.8739258920407519,0.902130827379655
