split,n_samples,srcc,plcc
train,9788,0.8021595591360567,0.7873921519344089
val,1397,0.8100449046482061,0.7987067596159045
test,2815,0.8131791016730308,0.8062795382477148
combined,14000,0.8028464313782008,0.7897941760420142
