split,mode,n,srcc,plcc
train,baseline,9788,0.8021595915796265,0.787392151773623
train,tta,9788,0.802003645027346,0.7871495686593003
val,baseline,1397,0.809780518292965,0.7987883102840958
val,tta,1397,0.8095155641552785,0.7984214658610156
test,baseline,2815,0.8127399059090386,0.8061413996277468
test,tta,2815,0.8126799525260514,0.8060295489345309
combined,tta,14000,0.8026570872868332,0.7895127084445932
