split,n_samples,srcc,plcc
train,32269,0.8993819662632211,0.920994437029541
val,8051,0.868717792408946,0.8988471072641324
test,10080,0.8755002566331471,0.9038415795601306
combined,50400,0.8898712352422161,0.9141248389497029
