split,n_samples,srcc,plcc
train,2087,0.8113875372965085,0.8340968276209649
val,298,0.8123920978806977,0.8386087034382835
test,597,0.8057798184618037,0.8202672935971729
combined,2982,0.811307291709072,0.831764308913328
