split,mode,n,srcc,plcc
test,baseline,2015,0.6102984844625639,0.6181521920174597
test,tta,2015,0.6109537946239706,0.6200545207478213
